ID Year,Year,Poor Or Fair Health,Poor Or Fair Health CI Low,Poor Or Fair Health CI High,Geography,ID Geography,Slug Geography
2022,"2022",0.13300000131130219,0.11400000005960464,0.1550000011920929,"Lewis and Clark County, MT","05000US30049","lewis-and-clark-county-mt"
2021,"2021",0.128335103392601,0.10903309285640717,0.15190476179122925,"Lewis and Clark County, MT","05000US30049","lewis-and-clark-county-mt"
2020,"2020",0.1259150356054306,0.1212252527475357,0.13058385252952576,"Lewis and Clark County, MT","05000US30049","lewis-and-clark-county-mt"
2019,"2019",0.11373685300350189,0.10903666913509369,0.11853072047233582,"Lewis and Clark County, MT","05000US30049","lewis-and-clark-county-mt"
2018,"2018",0.11373685300350189,0.10903666913509369,0.11853072047233582,"Lewis and Clark County, MT","05000US30049","lewis-and-clark-county-mt"
2017,"2017",0.11100000143051147,0.10700000077486038,0.11500000208616257,"Lewis and Clark County, MT","05000US30049","lewis-and-clark-county-mt"
2016,"2016",0.11999999731779099,0.11599999666213989,0.125,"Lewis and Clark County, MT","05000US30049","lewis-and-clark-county-mt"
2015,"2015",0.1289999932050705,0.10700000077486038,0.1550000011920929,"Lewis and Clark County, MT","05000US30049","lewis-and-clark-county-mt"
2014,"2014",0.1289999932050705,0.10700000077486038,0.1550000011920929,"Lewis and Clark County, MT","05000US30049","lewis-and-clark-county-mt"